{
    "ambient_color": {"r": 0.2, "g": 0.2, "b": 0.2},
    "camera": {
        "frame": {
            "eye":    {"x": 0.0, "y": 1.0, "z": 10.0},
            "target": {"x": 0.0, "y": 0.0, "z": 0.0},
            "up":     {"x": 0.0, "y": 1.0, "z": 0.0}
        },
        "aperture_size": 0.2,
        "focal_distance": 8.0,
        "sensor": {
            "samples": 4,
            "dof_samples": 3,
            "blur_samples": 2  
        }
    },
    "surfaces": [
        {
            "shape": "quad",
            "radius": 100,
            "frame": {
                "o": {"x": 0.0, "y": -1.0, "z": 0.0},
                "x": {"x": 1.0, "y": 0.0, "z": 0.0},
                "y": {"x": 0.0, "y": 0.0, "z": -1.0},
                "z": {"x": 0.0, "y": 1.0, "z": 0.0}
            },
            "material": {
                "kd": {"r": 1.0, "g": 1.0, "b": 1.0}
            }
        },
        {
            "shape": "sphere",
            "radius": 1,
            "frame": {
                "o": {"x": -4.0, "y": 0.75, "z": 2.0},
                "velocity": {"x": 0.4, "y": 0.5, "z": 0.1}
            },
            "material": {
                "kd": {"r": 0.9, "g": 0.1, "b": 0.1},
                "ks": {"r": 0.7, "g": 0.7, "b": 0.7},
                "kr": {"r": 0.5, "g": 0.5, "b": 0.5},
                "n": 50,
                "fuzz": 0.2
            }
        },
        {
            "shape": "sphere",
            "radius": 0.5,
            "frame": {
                "o": {"x": -1.0, "y": 0.05, "z": 3.0}
            },
            "material": {
                "kd": {"r": 0.1, "g": 0.9, "b": 0.1},
                "ks": {"r": 0.8, "g": 0.8, "b": 0.8},
                "kr": {"r": 0.4, "g": 0.4, "b": 0.4},
                "n": 100,
                "fuzz": 1.5
            }
        },
        {
            "shape": "sphere",
            "radius": 1,
            "frame": {
                "o": {"x": 1.0, "y": 0.0, "z": -1.0}
            },
            "material": {
                "kd": {"r": 0.1, "g": 0.1, "b": 0.9},
                "ks": {"r": 0.7, "g": 0.7, "b": 0.7},
                "kr": {"r": 0.3, "g": 0.3, "b": 0.3},
                "n": 150,
                "fuzz": 1.0
            }
        },
        {
            "shape": "sphere",
            "radius": 0.25,
            "frame": {
                "o": {"x": 2.2, "y": 0.0, "z": 3.5}
            },
            "material": {
                "kd": {"r": 0.8, "g": 0.8, "b": 0.2},
                "ks": {"r": 0.7, "g": 0.7, "b": 0.7},
                "kr": {"r": 0.6, "g": 0.6, "b": 0.6},
                "n": 30,
                "fuzz": 0.3
            }
        },
        {
            "shape": "sphere",
            "radius": 0.75,
            "frame": {
                "o": {"x": -2.5, "y": 2.5, "z": 2.5},
                "velocity": {"x": 0.2, "y": 0.0, "z": -0.1}
            },
            "material": {
                "kd": {"r": 0.2, "g": 0.9, "b": 0.9},
                "ks": {"r": 0.7, "g": 0.7, "b": 0.7},
                "kr": {"r": 0.5, "g": 0.5, "b": 0.5},
                "n": 40,
                "fuzz": 0.8
            }
        },
        {
            "shape": "sphere",
            "radius": 0.75,
            "frame": {
                "o": {"x": 2.0, "y": 1.75, "z": 2.0}
            },
            "material": {
                "kd": {"r": 0.9, "g": 0.2, "b": 0.9},
                "ks": {"r": 0.8, "g": 0.8, "b": 0.8},
                "kr": {"r": 0.6, "g": 0.6, "b": 0.6},
                "n": 120,
                "fuzz": 0.4
            }
        },
        {
            "shape": "sphere",
            "radius": 0.3,
            "frame": {
                "o": {"x": -1.5, "y": 0.75, "z": 2.5}
            },
            "material": {
                "kd": {"r": 0.7, "g": 0.7, "b": 1.0},
                "ks": {"r": 0.7, "g": 0.7, "b": 0.7},
                "kr": {"r": 0.4, "g": 0.4, "b": 0.4},
                "n": 80,
                "fuzz": 0.6
            }
        },
        {
            "shape": "sphere",
            "radius": 1.25,
            "frame": {
                "o": {"x": 0.0, "y": 2.25, "z": -2.0},
                "velocity": {"x": 0.1, "y": 0.2, "z": -0.1}
            },
            "material": {
                "kd": {"r": 1.0, "g": 0.5, "b": 0.0},
                "ks": {"r": 0.8, "g": 0.8, "b": 0.8},
                "n": 60
            }
        },
        {
            "shape": "sphere",
            "radius": 0.65,
            "frame": {
                "o": {"x": 3.5, "y": 0.5, "z": -6.0},
                "velocity": {"x": -0.1, "y": 0.0, "z": 0.2}
            },
            "material": {
                "kd": {"r": 0.5, "g": 1.0, "b": 0.5},
                "ks": {"r": 0.7, "g": 0.7, "b": 0.7},
                "kr": {"r": 0.5, "g": 0.5, "b": 0.5},
                "n": 70,
                "fuzz": 0.1
            }
        }
    ],
    "lights": [
        {
            "frame": {
                "o": {"x": 2.0, "y": 12.0, "z": 2.0}
            },
            "kl": {"r": 50.0, "g": 50.0, "b": 50.0}
        },
        {
            "frame": {
                "o": {"x": -4.0, "y": 10.0, "z": 5.0}
            },
            "kl": {"r": 30.0, "g": 30.0, "b": 30.0}
        }
    ]
}
