{
    "ambient_color": {"r": 0.2, "g": 0.2, "b": 0.2},
    "camera": {
        "frame": {
            "eye":    {"x": 0.0, "y": 0.5, "z": 6.0},
            "target": {"x": 0.0, "y": 0.0, "z": 0.0},
            "up":     {"x": 0.0, "y": 1.0, "z": 0.0}
        },
        "aperture_size": 0.1,
        "focal_distance": 9.0,
        "sensor": {
            "samples": 10,
            "dof_samples": 1,
            "blur_samples": 1  
        }
    },
    "surfaces": [
        {
            "shape": "quad",
            "radius": 100,
            "frame": {
                "o": {"x": 0.0, "y": -1.0, "z": 0.0},
                "x": {"x": 1.0, "y": 0.0, "z": 0.0},
                "y": {"x": 0.0, "y": 0.0, "z": -1.0},
                "z": {"x": 0.0, "y": 1.0, "z": 0.0}
            },
            "material": {
                "kd": {"r": 1.0, "g": 1.0, "b": 1.0}
            }
        },
        {
            "shape": "sphere",
            "radius": 0.75,
            "frame": {
                "o": {"x": -2.0, "y": 0.0, "z": -3.0}
                
            },
            "material": {
                "kd": {"r": 1.0, "g": 0.7, "b": 0.7},
                "ks": {"r": 0.7, "g": 0.7, "b": 0.7},
                "n": 20
            }
        },
        {
            "shape": "sphere",
            "radius": 0.75,
            "frame": {
                "o": {"x": 0.0, "y": 0.0, "z": -3.0},
                "velocity": {"x": 0.0, "y": 0.3, "z": 0.0}
                
            },
            "material": {
                "kd": {"r": 0.7, "g": 1.0, "b": 0.7},
                "ks": {"r": 0.7, "g": 0.7, "b": 0.7},
                "n": 100
            }
        },
        {
            "shape": "sphere",
            "radius": 0.75,
            "frame": {
                "o": {"x": 2.0, "y": 0.0, "z": -3.0},
                "velocity": {"x": 0.0, "y": 0.7, "z": 0.0}
            },
            "material": {
                "kd": {"r": 0.7, "g": 0.7, "b": 1.0},
                "ks": {"r": 0.7, "g": 0.7, "b": 0.7},
                "n": 50
            }
        }
    ],
    "lights": [
        {
            "frame": {
                "o": {"x": 2.0, "y": 12.0, "z": 2.0}
            },
            "kl": {"r": 50.0, "g": 50.0, "b": 50.0}
        },
        {
            "frame": {
                "o": {"x": -4.0, "y": 10.0, "z": 5.0}
            },
            "kl": {"r": 30.0, "g": 30.0, "b": 30.0}
        }
    ]
}
